<?xml version="1.0" encoding="UTF-8"?>
<beans xmlns="http://www.springframework.org/schema/beans"
 xmlns:context="http://www.springframework.org/schema/context"
 xmlns:tx="http://www.springframework.org/schema/tx"
    xmlns:xsi="http://www.w3.org/2001/XMLSchema-instance"
        xmlns:mvc="http://www.springframework.org/schema/mvc"
    xsi:schemaLocation="
        http://www.springframework.org/schema/beans http://www.springframework.org/schema/beans/spring-beans.xsd
        http://www.springframework.org/schema/context http://www.springframework.org/schema/context/spring-context.xsd
        http://www.springframework.org/schema/tx http://www.springframework.org/schema/tx/spring-tx.xsd
        http://www.springframework.org/schema/mvc
http://www.springframework.org/schema/mvc/spring-mvc.xsd">

<context:component-scan base-package="com.project.core.services, com.project.core.daos, com.project.core.entities"/>
    <!-- bean definitions here -->
<bean id="dataSource" class="org.springframework.jdbc.datasource.DriverManagerDataSource">

   <property name="driverClassName" value="oracle.jdbc.OracleDriver"/>
   <property name="url" value="jdbc:oracle:thin:@localhost:1521:XE"/>    
   <property name="username" value="hr"/>
   <property name="password" value="hr"/>
   
 </bean>
   <!--  <bean id="jdbc Template" class="org.springframework.jdbc.core.JdbcTemplate"> 
   <property name="dataSource" ref="dataSource"></property>
   </bean> -->
    
<bean id="entityManagerFactory" class="org.springframework.orm.jpa.LocalContainerEntityManagerFactoryBean">
     <property name="packagesToScan" value="com.project.core.entities"/>
	 <property name="dataSource" ref="dataSource"/>
	  <property name="jpaVendorAdapter">
	  	<bean class="org.springframework.orm.jpa.vendor.HibernateJpaVendorAdapter">
	  	<property name="generateDdl" value="false"/>
	  	<property name="showSql" value="true"/>
	  	</bean>
	  </property>
</bean>
<bean id="transactionManager" class="org.springframework.orm.jpa.JpaTransactionManager">
	<property name="entityManagerFactory" ref="entityManagerFactory"/>
</bean>
<tx:annotation-driven transaction-manager="transactionManager"/>
</beans>