<?xml version="1.0" encoding="UTF-8"?>
<beans xmlns="http://www.springframework.org/schema/beans"
 xmlns:context="http://www.springframework.org/schema/context"
    xmlns:xsi="http://www.w3.org/2001/XMLSchema-instance"
     xmlns:util="http://www.springframework.org/schema/util" 
    xsi:schemaLocation="
        http://www.springframework.org/schema/beans http://www.springframework.org/schema/beans/spring-beans.xsd
        http://www.springframework.org/schema/context http://www.springframework.org/schema/context/spring-context.xsd">

<!-- <import resource="spring-core.xml"/> -->

<context:component-scan base-package="com.project.web.controllers"/>

    <!-- bean definitions here -->

   <bean id="viewResolver" class="org.springframework.web.servlet.view.InternalResourceViewResolver">
    <property name="prefix" value ="/WEB-INF/pages/" ></property>
    <property name="suffix" value=".jsp"></property>
   
    </bean> 
    
    
</beans>